name,year,wins,losses,ot_losses,pct,gf,diff
Boston Bruins,1990,44,24,,0.55,299,35
Buffalo Sabres,1990,31,30,,0.388,292,14
Calgary Flames,1990,46,26,,0.575,344,81
Chicago Blackhawks,1990,49,23,,0.613,284,73
Detroit Red Wings,1990,34,38,,0.425,273,-25
Edmonton Oilers,1990,37,37,,0.463,272,0
Hartford Whalers,1990,31,38,,0.388,238,-38
Los Angeles Kings,1990,46,24,,0.575,340,86
Minnesota North Stars,1990,27,39,,0.338,256,-10
Montreal Canadiens,1990,39,30,,0.487,273,24
New Jersey Devils,1990,32,33,,0.4,272,8
New York Islanders,1990,25,45,,0.312,223,-67
New York Rangers,1990,36,31,,0.45,297,32
Philadelphia Flyers,1990,33,37,,0.412,252,-15
Pittsburgh Penguins,1990,41,33,,0.512,342,37
Quebec Nordiques,1990,16,50,,0.2,236,-118
St. Louis Blues,1990,47,22,,0.588,310,60
Toronto Maple Leafs,1990,23,46,,0.287,241,-77
Vancouver Canucks,1990,28,43,,0.35,243,-72
Washington Capitals,1990,37,36,,0.463,258,0
Winnipeg Jets,1990,26,43,,0.325,260,-28
Boston Bruins,1991,36,32,,0.45,270,-5
Buffalo Sabres,1991,31,37,,0.388,289,-10
Calgary Flames,1991,31,37,,0.388,296,-9
Chicago Blackhawks,1991,36,29,,0.45,257,21
Detroit Red Wings,1991,43,25,,0.537,320,64
Edmonton Oilers,1991,36,34,,0.45,295,-2
Hartford Whalers,1991,26,41,,0.325,247,-36
Los Angeles Kings,1991,35,31,,0.438,287,-9
Minnesota North Stars,1991,32,42,,0.4,246,-32
Montreal Canadiens,1991,41,28,,0.512,267,60
New Jersey Devils,1991,38,31,,0.475,289,30
New York Islanders,1991,34,35,,0.425,291,-8
New York Rangers,1991,50,25,,0.625,321,75
Philadelphia Flyers,1991,32,37,,0.4,252,-21
Pittsburgh Penguins,1991,39,32,,0.487,343,35
Quebec Nordiques,1991,20,48,,0.25,255,-63
San Jose Sharks,1991,17,58,,0.212,219,-140
St. Louis Blues,1991,36,33,,0.45,279,13
Toronto Maple Leafs,1991,30,43,,0.375,234,-60
Vancouver Canucks,1991,42,26,,0.525,285,35
Washington Capitals,1991,45,27,,0.562,330,55
Winnipeg Jets,1991,33,32,,0.412,251,7
Boston Bruins,1992,51,26,,0.607,332,64
Buffalo Sabres,1992,38,36,,0.452,335,38
Calgary Flames,1992,43,30,,0.512,322,40
Chicago Blackhawks,1992,47,25,,0.56,279,49
Detroit Red Wings,1992,47,28,,0.56,369,89
Edmonton Oilers,1992,26,50,,0.31,242,-95
Hartford Whalers,1992,26,52,,0.31,284,-85
Los Angeles Kings,1992,39,35,,0.464,338,-2
Minnesota North Stars,1992,36,38,,0.429,272,-21
Montreal Canadiens,1992,48,30,,0.571,326,46
New Jersey Devils,1992,40,37,,0.476,308,9
New York Islanders,1992,40,37,,0.476,335,38
New York Rangers,1992,34,39,,0.405,304,-4
Ottawa Senators,1992,10,70,,0.119,202,-193
Philadelphia Flyers,1992,36,37,,0.429,319,0
Pittsburgh Penguins,1992,56,21,,0.667,367,99
Quebec Nordiques,1992,47,27,,0.56,351,51
San Jose Sharks,1992,11,71,,0.131,218,-196
St. Louis Blues,1992,37,36,,0.44,282,4
Tampa Bay Lightning,1992,23,54,,0.274,245,-87
Toronto Maple Leafs,1992,44,29,,0.524,288,47
Vancouver Canucks,1992,46,29,,0.548,346,68
Washington Capitals,1992,43,34,,0.512,325,39
Winnipeg Jets,1992,40,37,,0.476,322,2
Mighty Ducks of Anaheim,1993,33,46,,0.393,229,-22
Boston Bruins,1993,42,29,,0.5,289,37
Buffalo Sabres,1993,43,32,,0.512,282,64
Calgary Flames,1993,42,29,,0.5,302,46
Chicago Blackhawks,1993,39,36,,0.464,254,14
Dallas Stars,1993,42,29,,0.5,286,21
Detroit Red Wings,1993,46,30,,0.548,356,81
Edmonton Oilers,1993,25,45,,0.298,261,-44
Florida Panthers,1993,33,34,,0.393,233,0
Hartford Whalers,1993,27,48,,0.321,227,-61
Los Angeles Kings,1993,27,45,,0.321,294,-28
Montreal Canadiens,1993,41,29,,0.488,283,35
New Jersey Devils,1993,47,25,,0.56,306,86
New York Islanders,1993,36,36,,0.429,282,18
New York Rangers,1993,52,24,,0.619,299,68
Ottawa Senators,1993,14,61,,0.167,201,-196
Philadelphia Flyers,1993,35,39,,0.417,294,-20
Pittsburgh Penguins,1993,44,27,,0.524,299,14
Quebec Nordiques,1993,34,42,,0.405,277,-15
San Jose Sharks,1993,33,35,,0.393,252,-13
St. Louis Blues,1993,40,33,,0.476,270,-13
Tampa Bay Lightning,1993,30,43,,0.357,224,-27
Toronto Maple Leafs,1993,43,29,,0.512,280,37
Vancouver Canucks,1993,41,40,,0.488,279,3
Washington Capitals,1993,39,35,,0.464,277,14
Winnipeg Jets,1993,24,51,,0.286,245,-99
Mighty Ducks of Anaheim,1994,16,27,,0.333,125,-39
Boston Bruins,1994,27,18,,0.562,150,23
Buffalo Sabres,1994,22,19,,0.458,130,11
Calgary Flames,1994,24,17,,0.5,163,28
Chicago Blackhawks,1994,24,19,,0.5,156,41
Dallas Stars,1994,17,23,,0.354,136,1
Detroit Red Wings,1994,33,11,,0.688,180,63
Edmonton Oilers,1994,17,27,,0.354,136,-47
Florida Panthers,1994,20,22,,0.417,115,-12
Hartford Whalers,1994,19,24,,0.396,127,-14
Los Angeles Kings,1994,16,23,,0.333,142,-32
Montreal Canadiens,1994,18,23,,0.375,125,-23
New Jersey Devils,1994,22,18,,0.458,136,15
New York Islanders,1994,15,28,,0.312,126,-32
New York Rangers,1994,22,23,,0.458,139,5
Ottawa Senators,1994,9,34,,0.188,117,-57
Philadelphia Flyers,1994,28,16,,0.583,150,18
Pittsburgh Penguins,1994,29,16,,0.604,181,23
Quebec Nordiques,1994,30,13,,0.625,185,51
San Jose Sharks,1994,19,25,,0.396,129,-32
St. Louis Blues,1994,28,15,,0.583,178,43
Tampa Bay Lightning,1994,17,28,,0.354,120,-24
Toronto Maple Leafs,1994,21,19,,0.438,135,-11
Vancouver Canucks,1994,18,18,,0.375,153,5
Washington Capitals,1994,22,18,,0.458,136,16
Winnipeg Jets,1994,16,25,,0.333,157,-20
Mighty Ducks of Anaheim,1995,35,39,,0.427,234,-13
Boston Bruins,1995,40,31,,0.488,282,13
Buffalo Sabres,1995,33,42,,0.402,247,-15
Calgary Flames,1995,34,37,,0.415,241,1
Chicago Blackhawks,1995,40,28,,0.488,273,53
Colorado Avalanche,1995,47,25,,0.573,326,86
Dallas Stars,1995,26,42,,0.317,227,-53
Detroit Red Wings,1995,62,13,,0.756,325,144
Edmonton Oilers,1995,30,44,,0.366,240,-64
Florida Panthers,1995,41,31,,0.5,254,20
Hartford Whalers,1995,34,39,,0.415,237,-22
Los Angeles Kings,1995,24,40,,0.293,256,-46
Montreal Canadiens,1995,40,32,,0.488,265,17
New Jersey Devils,1995,37,33,,0.451,215,13
New York Islanders,1995,22,50,,0.268,229,-86
New York Rangers,1995,41,27,,0.5,272,35
Ottawa Senators,1995,18,59,,0.22,191,-100
Philadelphia Flyers,1995,45,24,,0.549,282,74
Pittsburgh Penguins,1995,49,29,,0.598,362,78
San Jose Sharks,1995,20,55,,0.244,252,-105
St. Louis Blues,1995,32,34,,0.39,219,-29
Tampa Bay Lightning,1995,38,32,,0.463,238,-10
Toronto Maple Leafs,1995,34,36,,0.415,247,-5
Vancouver Canucks,1995,32,35,,0.39,278,0
Washington Capitals,1995,39,32,,0.476,234,30
Winnipeg Jets,1995,36,40,,0.439,275,-16
Mighty Ducks of Anaheim,1996,36,33,,0.439,245,12
Boston Bruins,1996,26,47,,0.317,234,-66
Buffalo Sabres,1996,40,30,,0.488,237,29
Calgary Flames,1996,32,41,,0.39,214,-25
Chicago Blackhawks,1996,34,35,,0.415,223,13
Colorado Avalanche,1996,49,24,,0.598,277,72
Dallas Stars,1996,48,26,,0.585,252,54
Detroit Red Wings,1996,38,26,,0.463,253,56
Edmonton Oilers,1996,36,37,,0.439,252,5
Florida Panthers,1996,35,28,,0.427,221,20
Hartford Whalers,1996,32,39,,0.39,226,-30
Los Angeles Kings,1996,28,43,,0.341,214,-54
Montreal Canadiens,1996,31,36,,0.378,249,-27
New Jersey Devils,1996,45,23,,0.549,231,49
New York Islanders,1996,29,41,,0.354,240,-10
New York Rangers,1996,38,34,,0.463,258,27
Ottawa Senators,1996,31,36,,0.378,226,-8
Philadelphia Flyers,1996,45,24,,0.549,274,57
Phoenix Coyotes,1996,38,37,,0.463,240,-3
Pittsburgh Penguins,1996,38,36,,0.463,285,5
San Jose Sharks,1996,27,47,,0.329,211,-67
St. Louis Blues,1996,36,35,,0.439,236,-3
Tampa Bay Lightning,1996,32,40,,0.39,217,-30
Toronto Maple Leafs,1996,30,44,,0.366,230,-43
Vancouver Canucks,1996,35,40,,0.427,257,-16
Washington Capitals,1996,33,40,,0.402,214,-17
Mighty Ducks of Anaheim,1997,26,43,,0.317,205,-56
Boston Bruins,1997,39,30,,0.476,221,27
Buffalo Sabres,1997,36,29,,0.439,211,24
Calgary Flames,1997,26,41,,0.317,217,-35
Carolina Hurricanes,1997,33,41,,0.402,200,-19
Chicago Blackhawks,1997,30,39,,0.366,192,-7
Colorado Avalanche,1997,39,26,,0.476,231,26
Dallas Stars,1997,49,22,,0.598,242,75
Detroit Red Wings,1997,44,23,,0.537,250,54
Edmonton Oilers,1997,35,37,,0.427,215,-9
Florida Panthers,1997,24,43,,0.293,203,-53
Los Angeles Kings,1997,38,33,,0.463,227,2
Montreal Canadiens,1997,37,32,,0.451,235,27
New Jersey Devils,1997,48,23,,0.585,225,59
New York Islanders,1997,30,41,,0.366,212,-13
New York Rangers,1997,25,39,,0.305,197,-34
Ottawa Senators,1997,34,33,,0.415,193,-7
Philadelphia Flyers,1997,42,29,,0.512,242,49
Phoenix Coyotes,1997,35,35,,0.427,224,-3
Pittsburgh Penguins,1997,40,24,,0.488,228,40
San Jose Sharks,1997,34,38,,0.415,210,-6
St. Louis Blues,1997,45,29,,0.549,256,52
Tampa Bay Lightning,1997,17,55,,0.207,151,-118
Toronto Maple Leafs,1997,30,43,,0.366,194,-43
Vancouver Canucks,1997,25,43,,0.305,224,-49
Washington Capitals,1997,40,30,,0.488,219,17
Mighty Ducks of Anaheim,1998,35,34,,0.427,215,9
Boston Bruins,1998,39,30,,0.476,214,33
Buffalo Sabres,1998,37,28,,0.451,207,32
Calgary Flames,1998,30,40,,0.366,211,-23
Carolina Hurricanes,1998,34,30,,0.415,210,8
Chicago Blackhawks,1998,29,41,,0.354,202,-46
Colorado Avalanche,1998,44,28,,0.537,239,34
Dallas Stars,1998,51,19,,0.622,236,68
Detroit Red Wings,1998,43,32,,0.524,245,43
Edmonton Oilers,1998,33,37,,0.402,230,4
Florida Panthers,1998,30,34,,0.366,210,-18
Los Angeles Kings,1998,32,45,,0.39,189,-33
Montreal Canadiens,1998,32,39,,0.39,184,-25
Nashville Predators,1998,28,47,,0.341,190,-71
New Jersey Devils,1998,47,24,,0.573,248,52
New York Islanders,1998,24,48,,0.293,194,-50
New York Rangers,1998,33,38,,0.402,217,-10
Ottawa Senators,1998,44,23,,0.537,239,60
Philadelphia Flyers,1998,37,26,,0.451,231,35
Phoenix Coyotes,1998,39,31,,0.476,205,8
Pittsburgh Penguins,1998,38,30,,0.463,242,17
San Jose Sharks,1998,31,33,,0.378,196,5
St. Louis Blues,1998,37,32,,0.451,237,28
Tampa Bay Lightning,1998,19,54,,0.232,179,-113
Toronto Maple Leafs,1998,45,30,,0.549,268,37
Vancouver Canucks,1998,23,47,,0.28,192,-66
Washington Capitals,1998,31,45,,0.378,200,-18
Mighty Ducks of Anaheim,1999,34,33,3,0.415,217,-10
Atlanta Thrashers,1999,14,57,4,0.171,170,-143
Boston Bruins,1999,24,33,6,0.293,210,-38
Buffalo Sabres,1999,35,32,4,0.427,213,9
Calgary Flames,1999,31,36,5,0.378,211,-45
Carolina Hurricanes,1999,37,35,0,0.451,217,1
Chicago Blackhawks,1999,33,37,2,0.402,242,-3
Colorado Avalanche,1999,42,28,1,0.512,233,32
Dallas Stars,1999,43,23,6,0.524,211,27
Detroit Red Wings,1999,48,22,2,0.585,278,68
Edmonton Oilers,1999,32,26,8,0.39,226,14
Florida Panthers,1999,43,27,6,0.524,244,35
Los Angeles Kings,1999,39,27,4,0.476,245,17
Montreal Canadiens,1999,35,34,4,0.427,196,2
Nashville Predators,1999,28,40,7,0.341,199,-41
New Jersey Devils,1999,45,24,5,0.549,251,48
New York Islanders,1999,24,48,1,0.293,194,-81
New York Rangers,1999,29,38,3,0.354,218,-28
Ottawa Senators,1999,41,28,2,0.5,244,34
Philadelphia Flyers,1999,45,22,3,0.549,237,58
Phoenix Coyotes,1999,39,31,4,0.476,232,4
Pittsburgh Penguins,1999,37,31,6,0.451,241,5
San Jose Sharks,1999,35,30,7,0.427,225,11
St. Louis Blues,1999,51,19,1,0.622,248,83
Tampa Bay Lightning,1999,19,47,7,0.232,204,-106
Toronto Maple Leafs,1999,45,27,3,0.549,246,24
Vancouver Canucks,1999,30,29,8,0.366,227,-10
Washington Capitals,1999,44,24,2,0.537,227,33
Mighty Ducks of Anaheim,2000,25,41,5,0.305,188,-57
Atlanta Thrashers,2000,23,45,2,0.28,211,-78
Boston Bruins,2000,36,30,8,0.439,227,-22
Buffalo Sabres,2000,46,30,1,0.561,218,34
Calgary Flames,2000,27,36,4,0.329,197,-39
Carolina Hurricanes,2000,38,32,3,0.463,212,-13
Columbus Blue Jackets,2000,28,39,6,0.341,190,-43
Chicago Blackhawks,2000,29,40,5,0.354,210,-36
Colorado Avalanche,2000,52,16,4,0.634,270,78
Dallas Stars,2000,48,24,2,0.585,241,54
Detroit Red Wings,2000,49,20,4,0.598,253,51
Edmonton Oilers,2000,39,28,3,0.476,243,21
Florida Panthers,2000,22,38,9,0.268,200,-46
Los Angeles Kings,2000,38,28,3,0.463,252,24
Minnesota Wild,2000,25,39,5,0.305,168,-42
Montreal Canadiens,2000,28,40,6,0.341,206,-26
Nashville Predators,2000,34,36,3,0.415,186,-14
New Jersey Devils,2000,48,19,3,0.585,295,100
New York Islanders,2000,21,51,3,0.256,185,-83
New York Rangers,2000,33,43,1,0.402,250,-40
Ottawa Senators,2000,48,21,4,0.585,274,69
Philadelphia Flyers,2000,43,25,3,0.524,240,33
Phoenix Coyotes,2000,35,27,3,0.427,214,2
Pittsburgh Penguins,2000,42,28,3,0.512,281,25
San Jose Sharks,2000,40,27,3,0.488,217,25
St. Louis Blues,2000,43,22,5,0.524,249,54
Tampa Bay Lightning,2000,24,47,5,0.293,201,-79
Toronto Maple Leafs,2000,37,29,5,0.451,232,25
Vancouver Canucks,2000,36,28,7,0.439,239,1
Washington Capitals,2000,41,27,4,0.5,233,22
Mighty Ducks of Anaheim,2001,29,42,3,0.354,175,-23
Atlanta Thrashers,2001,19,47,5,0.232,187,-101
Boston Bruins,2001,43,24,9,0.524,236,35
Buffalo Sabres,2001,35,35,1,0.427,213,13
Calgary Flames,2001,32,35,3,0.39,201,-19
Carolina Hurricanes,2001,35,26,5,0.427,217,0
Columbus Blue Jackets,2001,22,47,5,0.268,164,-91
Chicago Blackhawks,2001,41,27,1,0.5,216,9
Colorado Avalanche,2001,45,28,1,0.549,212,43
Dallas Stars,2001,36,28,5,0.439,215,2
Detroit Red Wings,2001,51,17,4,0.622,251,64
Edmonton Oilers,2001,38,28,4,0.463,205,23
Florida Panthers,2001,22,44,6,0.268,180,-70
Los Angeles Kings,2001,40,27,4,0.488,214,24
Minnesota Wild,2001,26,35,9,0.317,195,-43
Montreal Canadiens,2001,36,31,3,0.439,207,-2
Nashville Predators,2001,28,41,0,0.341,196,-34
New Jersey Devils,2001,41,28,4,0.5,205,18
New York Islanders,2001,42,28,4,0.512,239,19
New York Rangers,2001,36,38,4,0.439,227,-31
Ottawa Senators,2001,39,27,7,0.476,243,35
Philadelphia Flyers,2001,42,27,3,0.512,234,42
Phoenix Coyotes,2001,40,27,6,0.488,228,18
Pittsburgh Penguins,2001,28,41,5,0.341,198,-51
San Jose Sharks,2001,44,27,3,0.537,248,49
St. Louis Blues,2001,43,27,4,0.524,227,39
Tampa Bay Lightning,2001,27,40,4,0.329,178,-41
Toronto Maple Leafs,2001,43,25,4,0.524,249,42
Vancouver Canucks,2001,42,30,3,0.512,254,43
Washington Capitals,2001,36,33,2,0.439,228,-12
Mighty Ducks of Anaheim,2002,40,27,6,0.488,203,10
Atlanta Thrashers,2002,31,39,5,0.378,226,-58
Boston Bruins,2002,36,31,4,0.439,245,8
Buffalo Sabres,2002,27,37,8,0.329,190,-29
Calgary Flames,2002,29,36,4,0.354,186,-42
Carolina Hurricanes,2002,22,43,6,0.268,171,-69
Columbus Blue Jackets,2002,29,42,3,0.354,213,-50
Chicago Blackhawks,2002,30,33,6,0.366,207,-19
Colorado Avalanche,2002,42,19,8,0.512,251,57
Dallas Stars,2002,46,17,4,0.561,245,76
Detroit Red Wings,2002,48,20,4,0.585,269,66
Edmonton Oilers,2002,36,26,9,0.439,231,1
Florida Panthers,2002,24,36,9,0.293,176,-61
Los Angeles Kings,2002,33,37,6,0.402,203,-18
Minnesota Wild,2002,42,29,1,0.512,198,20
Montreal Canadiens,2002,30,35,9,0.366,206,-28
Nashville Predators,2002,27,35,7,0.329,183,-23
New Jersey Devils,2002,46,20,6,0.561,216,50
New York Islanders,2002,35,34,2,0.427,224,-7
New York Rangers,2002,32,36,4,0.39,210,-21
Ottawa Senators,2002,52,21,1,0.634,263,81
Philadelphia Flyers,2002,45,20,4,0.549,211,45
Phoenix Coyotes,2002,31,35,5,0.378,204,-26
Pittsburgh Penguins,2002,27,44,5,0.329,189,-66
San Jose Sharks,2002,28,37,8,0.341,214,-25
St. Louis Blues,2002,41,24,6,0.5,253,31
Tampa Bay Lightning,2002,36,25,5,0.439,219,9
Toronto Maple Leafs,2002,44,28,3,0.537,236,28
Vancouver Canucks,2002,45,23,1,0.549,264,56
Washington Capitals,2002,39,29,6,0.476,224,4
Mighty Ducks of Anaheim,2003,29,35,8,0.354,184,-29
Atlanta Thrashers,2003,33,37,4,0.402,214,-29
Boston Bruins,2003,41,19,7,0.5,209,21
Buffalo Sabres,2003,37,34,4,0.451,220,-1
Calgary Flames,2003,42,30,3,0.512,200,24
Carolina Hurricanes,2003,28,34,6,0.341,172,-37
Columbus Blue Jackets,2003,25,45,4,0.305,177,-61
Chicago Blackhawks,2003,20,43,8,0.244,188,-71
Colorado Avalanche,2003,40,22,7,0.488,236,38
Dallas Stars,2003,41,26,2,0.5,194,19
Detroit Red Wings,2003,48,21,2,0.585,255,66
Edmonton Oilers,2003,36,29,5,0.439,221,13
Florida Panthers,2003,28,35,4,0.341,188,-33
Los Angeles Kings,2003,28,29,9,0.341,205,-12
Minnesota Wild,2003,30,29,3,0.366,188,5
Montreal Canadiens,2003,41,30,4,0.5,208,16
Nashville Predators,2003,38,29,4,0.463,216,-1
New Jersey Devils,2003,43,25,2,0.524,213,49
New York Islanders,2003,38,29,4,0.463,237,27
New York Rangers,2003,27,40,8,0.329,206,-44
Ottawa Senators,2003,43,23,6,0.524,262,73
Philadelphia Flyers,2003,40,21,6,0.488,229,43
Phoenix Coyotes,2003,22,36,6,0.268,188,-57
Pittsburgh Penguins,2003,23,47,4,0.28,190,-113
San Jose Sharks,2003,43,21,6,0.524,219,36
St. Louis Blues,2003,39,30,2,0.476,191,-7
Tampa Bay Lightning,2003,46,22,6,0.561,245,53
Toronto Maple Leafs,2003,45,24,3,0.549,242,38
Vancouver Canucks,2003,43,24,5,0.524,235,41
Washington Capitals,2003,23,46,3,0.28,186,-67
Mighty Ducks of Anaheim,2005,43,27,12,0.524,254,25
Atlanta Thrashers,2005,41,33,8,0.5,281,6
Boston Bruins,2005,29,37,16,0.354,230,-36
Buffalo Sabres,2005,52,24,6,0.634,281,42
Calgary Flames,2005,46,25,11,0.561,218,18
Carolina Hurricanes,2005,52,22,8,0.634,294,34
Columbus Blue Jackets,2005,35,43,4,0.427,223,-56
Chicago Blackhawks,2005,26,43,13,0.317,211,-74
Colorado Avalanche,2005,43,30,9,0.524,283,26
Dallas Stars,2005,53,23,6,0.646,265,47
Detroit Red Wings,2005,58,16,8,0.707,305,96
Edmonton Oilers,2005,41,28,13,0.5,256,5
Florida Panthers,2005,37,34,11,0.451,240,-17
Los Angeles Kings,2005,42,35,5,0.512,249,-21
Minnesota Wild,2005,38,36,8,0.463,231,16
Montreal Canadiens,2005,42,31,9,0.512,243,-4
Nashville Predators,2005,49,25,8,0.598,259,32
New Jersey Devils,2005,46,27,9,0.561,242,13
New York Islanders,2005,36,40,6,0.439,230,-48
New York Rangers,2005,44,26,12,0.537,257,42
Ottawa Senators,2005,52,21,9,0.634,314,103
Philadelphia Flyers,2005,45,26,11,0.549,267,8
Phoenix Coyotes,2005,38,39,5,0.463,246,-25
Pittsburgh Penguins,2005,22,46,14,0.268,244,-72
San Jose Sharks,2005,44,27,11,0.537,266,24
St. Louis Blues,2005,21,46,15,0.256,197,-95
Tampa Bay Lightning,2005,43,33,6,0.524,252,-8
Toronto Maple Leafs,2005,41,33,8,0.5,257,-13
Vancouver Canucks,2005,42,32,8,0.512,256,1
Washington Capitals,2005,29,41,12,0.354,237,-69
Anaheim Ducks,2006,48,20,14,0.585,258,50
Atlanta Thrashers,2006,43,28,11,0.524,246,1
Boston Bruins,2006,35,41,6,0.427,219,-70
Buffalo Sabres,2006,53,22,7,0.646,308,66
Calgary Flames,2006,43,29,10,0.524,258,32
Carolina Hurricanes,2006,40,34,8,0.488,241,-12
Columbus Blue Jackets,2006,33,42,7,0.402,201,-48
Chicago Blackhawks,2006,31,42,9,0.378,201,-57
Colorado Avalanche,2006,44,31,7,0.537,272,21
Dallas Stars,2006,50,25,7,0.61,226,29
Detroit Red Wings,2006,50,19,13,0.61,254,55
Edmonton Oilers,2006,32,43,7,0.39,195,-53
Florida Panthers,2006,35,31,16,0.427,247,-10
Los Angeles Kings,2006,27,41,14,0.329,227,-56
Minnesota Wild,2006,48,26,8,0.585,235,44
Montreal Canadiens,2006,42,34,6,0.512,245,-11
Nashville Predators,2006,51,23,8,0.622,272,60
New Jersey Devils,2006,49,24,9,0.598,216,15
New York Islanders,2006,40,30,12,0.488,248,8
New York Rangers,2006,42,30,10,0.512,242,26
Ottawa Senators,2006,48,25,9,0.585,288,66
Philadelphia Flyers,2006,22,48,12,0.268,214,-89
Phoenix Coyotes,2006,31,46,5,0.378,216,-68
Pittsburgh Penguins,2006,47,24,11,0.573,277,31
San Jose Sharks,2006,51,26,5,0.622,258,59
St. Louis Blues,2006,34,35,13,0.415,214,-40
Tampa Bay Lightning,2006,44,33,5,0.537,253,-8
Toronto Maple Leafs,2006,40,31,11,0.488,258,-11
Vancouver Canucks,2006,49,26,7,0.598,222,21
Washington Capitals,2006,28,40,14,0.341,235,-51
Anaheim Ducks,2007,47,27,8,0.573,205,14
Atlanta Thrashers,2007,34,40,8,0.415,216,-56
Boston Bruins,2007,41,29,12,0.5,212,-10
Buffalo Sabres,2007,39,31,12,0.476,255,13
Calgary Flames,2007,42,30,10,0.512,229,2
Carolina Hurricanes,2007,43,33,6,0.524,252,3
Columbus Blue Jackets,2007,34,36,12,0.415,193,-25
Chicago Blackhawks,2007,40,34,8,0.488,239,4
Colorado Avalanche,2007,44,31,7,0.537,231,12
Dallas Stars,2007,45,30,7,0.549,242,35
Detroit Red Wings,2007,54,21,7,0.659,257,73
Edmonton Oilers,2007,41,35,6,0.5,235,-16
Florida Panthers,2007,38,35,9,0.463,216,-10
Los Angeles Kings,2007,32,43,7,0.39,231,-35
Minnesota Wild,2007,44,28,10,0.537,223,5
Montreal Canadiens,2007,47,25,10,0.573,262,40
Nashville Predators,2007,41,32,9,0.5,230,1
New Jersey Devils,2007,46,29,7,0.561,206,9
New York Islanders,2007,35,38,9,0.427,194,-49
New York Rangers,2007,42,27,13,0.512,213,14
Ottawa Senators,2007,43,31,8,0.524,261,14
Philadelphia Flyers,2007,42,29,11,0.512,248,15
Phoenix Coyotes,2007,38,37,7,0.463,214,-17
Pittsburgh Penguins,2007,47,27,8,0.573,247,31
San Jose Sharks,2007,49,23,10,0.598,222,29
St. Louis Blues,2007,33,36,13,0.402,205,-32
Tampa Bay Lightning,2007,31,42,9,0.378,223,-44
Toronto Maple Leafs,2007,36,35,11,0.439,231,-29
Vancouver Canucks,2007,39,33,10,0.476,213,-2
Washington Capitals,2007,43,31,8,0.524,242,11
Anaheim Ducks,2008,42,33,7,0.512,245,7
Atlanta Thrashers,2008,35,41,6,0.427,257,-23
Boston Bruins,2008,53,19,10,0.646,274,78
Buffalo Sabres,2008,41,32,9,0.5,250,16
Calgary Flames,2008,46,30,6,0.561,254,6
Carolina Hurricanes,2008,45,30,7,0.549,239,13
Columbus Blue Jackets,2008,41,31,10,0.5,226,-4
Chicago Blackhawks,2008,46,24,12,0.561,264,48
Colorado Avalanche,2008,32,45,5,0.39,199,-58
Dallas Stars,2008,36,35,11,0.439,230,-27
Detroit Red Wings,2008,51,21,10,0.622,295,51
Edmonton Oilers,2008,38,35,9,0.463,234,-14
Florida Panthers,2008,41,30,11,0.5,234,3
Los Angeles Kings,2008,34,37,11,0.415,207,-27
Minnesota Wild,2008,40,33,9,0.488,219,19
Montreal Canadiens,2008,41,30,11,0.5,249,2
Nashville Predators,2008,40,34,8,0.488,213,-20
New Jersey Devils,2008,51,27,4,0.622,244,35
New York Islanders,2008,26,47,9,0.317,201,-78
New York Rangers,2008,43,30,9,0.524,210,-8
Ottawa Senators,2008,36,35,11,0.439,217,-20
Philadelphia Flyers,2008,44,27,11,0.537,264,26
Phoenix Coyotes,2008,36,39,7,0.439,208,-44
Pittsburgh Penguins,2008,45,28,9,0.549,264,25
San Jose Sharks,2008,53,18,11,0.646,257,53
St. Louis Blues,2008,41,31,10,0.5,233,0
Tampa Bay Lightning,2008,24,40,18,0.293,210,-69
Toronto Maple Leafs,2008,34,35,13,0.415,250,-43
Vancouver Canucks,2008,45,27,10,0.549,246,26
Washington Capitals,2008,50,24,8,0.61,272,27
Anaheim Ducks,2009,39,32,11,0.476,238,-13
Atlanta Thrashers,2009,35,34,13,0.427,234,-22
Boston Bruins,2009,39,30,13,0.476,206,6
Buffalo Sabres,2009,45,27,10,0.549,235,28
Calgary Flames,2009,40,32,10,0.488,204,-6
Carolina Hurricanes,2009,35,37,10,0.427,230,-26
Columbus Blue Jackets,2009,32,35,15,0.39,216,-43
Chicago Blackhawks,2009,52,22,8,0.634,271,62
Colorado Avalanche,2009,43,30,9,0.524,244,11
Dallas Stars,2009,37,31,14,0.451,237,-17
Detroit Red Wings,2009,44,24,14,0.537,229,13
Edmonton Oilers,2009,27,47,8,0.329,214,-70
Florida Panthers,2009,32,37,13,0.39,208,-36
Los Angeles Kings,2009,46,27,9,0.561,241,22
Minnesota Wild,2009,38,36,8,0.463,219,-27
Montreal Canadiens,2009,39,33,10,0.476,217,-6
Nashville Predators,2009,47,29,6,0.573,225,0
New Jersey Devils,2009,48,27,7,0.585,222,31
New York Islanders,2009,34,37,11,0.415,222,-42
New York Rangers,2009,38,33,11,0.463,222,4
Ottawa Senators,2009,44,32,6,0.537,225,-13
Philadelphia Flyers,2009,41,35,6,0.5,236,11
Phoenix Coyotes,2009,50,25,7,0.61,225,23
Pittsburgh Penguins,2009,47,28,7,0.573,257,20
San Jose Sharks,2009,51,20,11,0.622,264,49
St. Louis Blues,2009,40,32,10,0.488,225,2
Tampa Bay Lightning,2009,34,36,12,0.415,217,-43
Toronto Maple Leafs,2009,30,38,14,0.366,214,-53
Vancouver Canucks,2009,49,28,5,0.598,272,50
Washington Capitals,2009,54,15,13,0.659,318,85
Anaheim Ducks,2010,47,30,5,0.573,239,4
Atlanta Thrashers,2010,34,36,12,0.415,223,-46
Boston Bruins,2010,46,25,11,0.561,246,51
Buffalo Sabres,2010,43,29,10,0.524,245,16
Calgary Flames,2010,41,29,12,0.5,250,13
Carolina Hurricanes,2010,40,31,11,0.488,236,-3
Columbus Blue Jackets,2010,34,35,13,0.415,215,-43
Chicago Blackhawks,2010,44,29,9,0.537,258,33
Colorado Avalanche,2010,30,44,8,0.366,227,-61
Dallas Stars,2010,42,29,11,0.512,227,-6
Detroit Red Wings,2010,47,25,10,0.573,261,20
Edmonton Oilers,2010,25,45,12,0.305,193,-76
Florida Panthers,2010,30,40,12,0.366,195,-34
Los Angeles Kings,2010,46,30,6,0.561,219,21
Minnesota Wild,2010,39,35,8,0.476,206,-27
Montreal Canadiens,2010,44,30,8,0.537,216,7
Nashville Predators,2010,44,27,11,0.537,219,25
New Jersey Devils,2010,38,39,5,0.463,174,-35
New York Islanders,2010,30,39,13,0.366,229,-35
New York Rangers,2010,44,33,5,0.537,233,35
Ottawa Senators,2010,32,40,10,0.39,192,-58
Philadelphia Flyers,2010,47,23,12,0.573,259,36
Phoenix Coyotes,2010,43,26,13,0.524,231,5
Pittsburgh Penguins,2010,49,25,8,0.598,238,39
San Jose Sharks,2010,48,25,9,0.585,248,35
St. Louis Blues,2010,38,33,11,0.463,240,6
Tampa Bay Lightning,2010,46,25,11,0.561,247,7
Toronto Maple Leafs,2010,37,34,11,0.451,218,-33
Vancouver Canucks,2010,54,19,9,0.659,262,77
Washington Capitals,2010,48,23,11,0.585,224,27
Anaheim Ducks,2011,34,36,12,0.415,204,-27
Boston Bruins,2011,49,29,4,0.598,269,67
Buffalo Sabres,2011,39,32,11,0.476,218,-12
Calgary Flames,2011,37,29,16,0.451,202,-24
Carolina Hurricanes,2011,33,33,16,0.402,213,-30
Columbus Blue Jackets,2011,29,46,7,0.354,202,-60
Chicago Blackhawks,2011,45,26,11,0.549,248,10
Colorado Avalanche,2011,41,35,6,0.5,208,-12
Dallas Stars,2011,42,35,5,0.512,211,-11
Detroit Red Wings,2011,48,28,6,0.585,248,45
Edmonton Oilers,2011,32,40,10,0.39,212,-27
Florida Panthers,2011,38,26,18,0.463,203,-24
Los Angeles Kings,2011,40,27,15,0.488,194,15
Minnesota Wild,2011,35,36,11,0.427,177,-49
Montreal Canadiens,2011,31,35,16,0.378,212,-14
Nashville Predators,2011,48,26,8,0.585,237,27
New Jersey Devils,2011,48,28,6,0.585,228,19
New York Islanders,2011,34,37,11,0.415,203,-52
New York Rangers,2011,51,24,7,0.622,226,39
Ottawa Senators,2011,41,31,10,0.5,249,9
Philadelphia Flyers,2011,47,26,9,0.573,264,32
Phoenix Coyotes,2011,42,27,13,0.512,216,12
Pittsburgh Penguins,2011,51,25,6,0.622,282,61
San Jose Sharks,2011,43,29,10,0.524,228,18
St. Louis Blues,2011,49,22,11,0.598,210,45
Tampa Bay Lightning,2011,38,36,8,0.463,235,-46
Toronto Maple Leafs,2011,35,37,10,0.427,231,-33
Vancouver Canucks,2011,51,22,9,0.622,249,51
Washington Capitals,2011,42,32,8,0.512,222,-8
Winnipeg Jets,2011,37,35,10,0.451,225,-21
